,net,con,y_astro,it,BurstD0,BurstD1,BurstD2,BurstD3,BurstD4,BurstD5,MeanNrActivationsPerAstrocyte
0,0.0,0.0,0.01,0.0,64.0736,19.08172798883791,8.0488,4.176354697580176,7.616387999985927,1.5367521542494171,1.0660377358490567
1,0.0,0.0,0.01,1.0,64.4688,18.942339521822536,8.3936,4.131048176915878,7.5845207384127695,1.4690744412404706,1.1037735849056605
2,0.0,0.0,0.01,2.0,74.9704,23.050766664907265,10.6576,5.291128635744928,7.423711783468151,1.3452230042734523,1.2547169811320755
3,0.0,0.0,0.01,3.0,65.57039999999999,19.825775239319146,8.7408,4.364769794616893,8.67035659723167,1.8077582717163416,1.0094339622641508
4,0.0,0.0,0.01,4.0,60.1416,18.151820554423736,7.533600000000002,3.8834509189637,7.2152676706585215,1.516820739747701,1.1226415094339623
5,0.0,0.0,0.01,5.0,72.6616,22.595437712954357,9.9816,5.196473942973253,7.812082602286159,1.4794454443099607,1.150943396226415
6,0.0,0.0,0.01,6.0,68.0352,20.763661549929004,8.816,4.488249547429376,8.19253539910001,1.7531486013340691,1.0943396226415094
7,0.0,0.0,0.01,7.0,68.1232,21.17234851781918,9.2688,4.746980783613939,7.847764162941076,1.5604947690555149,1.1226415094339623
8,0.0,0.0,0.01,8.0,79.64959999999998,23.45826122797681,11.7168,5.6584766289170085,8.885142626442079,1.7392711133537448,1.2735849056603774
9,0.0,0.0,0.01,9.0,69.5,20.426095074683264,9.288,4.623792382882259,7.825215584798873,1.6609973476803732,1.1886792452830188
10,0.0,1.0,0.01,0.0,82.08479999999999,24.917101134762845,12.4768,6.020114763025701,9.109915302210963,1.7634541691833991,1.179245283018868
11,0.0,1.0,0.01,1.0,70.896,21.223837164848398,9.856,4.77272919826801,8.737142939991411,1.7154698670505062,1.0
12,0.0,1.0,0.01,2.0,62.17439999999999,18.118763330867807,8.1008,3.9730793296887486,7.689775049652994,1.6167396608798186,0.8490566037735849
13,0.0,1.0,0.01,3.0,69.9664,19.903137216027027,9.5728,4.555003859493425,7.948766292587995,1.5223093518748152,1.0094339622641508
14,0.0,1.0,0.01,4.0,73.8384,21.341995348139307,10.2808,4.880167144678551,8.623860736089172,1.5963331321935372,1.0471698113207548
15,0.0,1.0,0.01,5.0,79.00319999999998,23.146766291644283,11.9384,5.633716840594671,8.702397414522844,1.6739488865197254,1.0471698113207548
16,0.0,1.0,0.01,6.0,79.9136,23.50025478670391,11.7072,5.5839222917229066,9.141528176992711,1.7450855449421874,1.0471698113207548
17,0.0,1.0,0.01,7.0,82.71039999999998,25.068219957547846,12.532,6.085735452679487,9.142689446070014,1.5891231743653358,1.1037735849056605
18,0.0,1.0,0.01,8.0,75.536,21.960037887034712,10.854399999999998,5.2800833932808295,8.62624651570325,1.6796685550137822,1.0849056603773586
19,0.0,1.0,0.01,9.0,77.7352,23.25432520973249,11.2168,5.561255052593794,8.927785532470105,1.5742465193920243,0.9339622641509434
20,0.0,2.0,0.01,0.0,57.0784,17.354282855825538,7.461600000000002,3.8098248568667823,7.908254483324741,1.6672277479520623,1.8867924528301887
21,0.0,2.0,0.01,1.0,60.2984,18.991191575043413,7.5472,4.071374726059982,6.861650727862152,1.4067863274841934,1.849056603773585
22,0.0,2.0,0.01,2.0,50.8632,15.671436620807937,5.747999999999999,2.9943974352112983,6.8385093145092775,1.6259250329192372,1.69811320754717
23,0.0,2.0,0.01,3.0,61.43279999999999,18.9968766948675,8.0032,4.152453462713339,8.152582932403673,1.7849670926435801,2.056603773584906
24,0.0,2.0,0.01,4.0,49.576,15.194506375660907,5.4888,3.0143049878869257,6.097968776912773,1.5072597419772058,1.5849056603773586
25,0.0,2.0,0.01,5.0,54.2072,16.482488530558733,6.611200000000001,3.4567780605644898,7.845330256463747,1.759654387235994,1.858490566037736
26,0.0,2.0,0.01,6.0,49.964,15.246575484350574,5.784,3.0465823474838163,7.351024202954777,1.675053334315192,1.5849056603773586
27,0.0,2.0,0.01,7.0,58.496,17.911589097564736,7.396799999999999,3.7894999353476715,7.8581775024721825,1.8114036368028537,2.160377358490566
28,0.0,2.0,0.01,8.0,56.8344,17.27757207017236,6.942399999999999,3.65432924625026,7.448148671314491,1.601758034462519,2.047169811320755
29,0.0,2.0,0.01,9.0,47.9312,14.847913879060586,5.2071999999999985,2.8825176773091954,6.256398466190082,1.5136863853892826,1.9339622641509435
30,1.0,0.0,0.01,0.0,46.0016,12.703586794287665,4.836800000000001,2.4492132941007814,7.013321639640452,1.5578343906579617,1.4056603773584906
31,1.0,0.0,0.01,1.0,43.6888,13.223540923670935,4.263999999999999,2.285271099891652,6.129186345489164,1.5940920213981271,1.3867924528301887
32,1.0,0.0,0.01,2.0,41.0608,11.808884086144635,3.7496,1.9685984455952408,6.351055414137784,1.861671613566388,1.3113207547169812
33,1.0,0.0,0.01,3.0,49.1472,14.343481172992837,5.252000000000001,2.7177078577360003,7.7558646617511435,1.9749576166443827,1.490566037735849
34,1.0,0.0,0.01,4.0,45.8184,12.77861265709232,4.6216,2.397000926157518,6.62348113164304,1.6828730138317305,1.481132075471698
35,1.0,0.0,0.01,5.0,44.9616,13.497725935875273,4.388,2.4213748160910566,6.367387043328245,1.5863398273785785,1.490566037735849
36,1.0,0.0,0.01,6.0,44.5472,11.932118510977002,4.2584,2.192484763915134,6.02205694616016,1.4797237046146108,1.339622641509434
37,1.0,0.0,0.01,7.0,53.1888,15.334307762660826,5.76,2.900593042810384,7.010449242117809,1.5541030118121717,1.5471698113207548
38,1.0,0.0,0.01,8.0,47.18,13.940654217073169,4.7824,2.6123419071783083,6.3910965943763145,1.5230120633731399,1.509433962264151
39,1.0,0.0,0.01,9.0,43.1848,12.45801625299951,4.144799999999999,2.265637429069356,6.054645491399251,1.8064758421431104,1.3679245283018868
40,1.0,1.0,0.01,0.0,43.288000000000004,11.855122774564588,4.328,2.1190790452458352,6.5728971710322615,1.7031649497419656,1.5849056603773586
41,1.0,1.0,0.01,1.0,46.4592,13.441369549268408,4.7144,2.451226762255993,6.616728270155969,1.511362015948783,1.6698113207547167
42,1.0,1.0,0.01,2.0,42.364,12.232042511371516,4.097600000000001,2.1913453036890376,5.947444415649816,1.5547531452076853,1.7547169811320755
43,1.0,1.0,0.01,3.0,48.4768,13.514514484804847,5.0688,2.647033539643954,6.448402414388934,1.6260962529391665,1.7452830188679245
44,1.0,1.0,0.01,4.0,47.8216,13.493833163337984,5.1496,2.667107016975509,6.978868782642808,1.877831812423257,1.7641509433962264
45,1.0,1.0,0.01,5.0,42.48560000000001,11.448634531681057,4.0056,1.9993920676045505,6.0656251571225095,1.5461417326445333,1.5377358490566038
46,1.0,1.0,0.01,6.0,40.5152,11.14237357837189,3.9704,2.0007008372068027,6.4750350845968585,1.7285628059835818,1.7547169811320755
47,1.0,1.0,0.01,7.0,46.8568,12.89898498952534,4.6448,2.2607416836073955,6.795326568317921,1.753526948932122,1.8207547169811318
48,1.0,1.0,0.01,8.0,44.8152,12.743384517466307,4.668,2.356543231090828,7.0646661571273315,1.8011568872084314,1.69811320754717
49,1.0,1.0,0.01,9.0,45.916000000000004,12.703579967867329,4.8424,2.515734930393105,6.283942764625402,1.420828163784025,1.5943396226415094
50,1.0,2.0,0.01,0.0,45.3288,12.229533538119927,4.4239999999999995,2.28646102087921,6.283273696061608,1.6132391245004345,1.4056603773584906
51,1.0,2.0,0.01,1.0,43.7824,12.282619030158024,4.2352,2.1758035205413195,6.2187032920670875,1.6878979516525705,1.5660377358490567
52,1.0,2.0,0.01,2.0,53.792,14.366403029290247,6.2944,2.970637749709648,7.26442774028862,1.4146510924584454,1.650943396226415
53,1.0,2.0,0.01,3.0,49.66560000000001,13.216263338780749,5.32,2.546212874054328,7.693286915820445,1.9172457560876963,1.6886792452830188
54,1.0,2.0,0.01,4.0,51.244,13.805152081741078,5.4608,2.5917066500667083,7.054375310522895,1.684014924323008,1.6415094339622642
55,1.0,2.0,0.01,5.0,51.3032,14.172945698054445,5.8184,2.84520323351426,7.480461121360628,1.6507358207212068,1.7358490566037736
56,1.0,2.0,0.01,6.0,51.716800000000006,14.544292274290973,5.796,2.9348362816348037,7.286179709976281,1.5347594531845201,1.7169811320754718
57,1.0,2.0,0.01,7.0,43.8256,11.664152975677233,4.0912,2.0864521465875994,6.1132786232111656,1.6920491161812792,1.481132075471698
58,1.0,2.0,0.01,8.0,40.2792,11.052498693055792,3.9128,2.052957905072581,6.657162874704414,2.8708816914405917,1.6320754716981132
59,1.0,2.0,0.01,9.0,46.7176,13.12312501807401,4.6544,2.418776682540164,6.263879747946071,1.5426185524593186,1.6886792452830188
60,2.0,0.0,0.01,0.0,73.61280000000002,25.683741085753063,12.288799999999998,6.123968856877051,20.709054198326953,4.8990904356920115,3.1603773584905666
61,2.0,0.0,0.01,1.0,69.1616,23.85036279472495,10.6208,5.662809140347218,7.604304598620723,1.6195056400113037,2.962264150943396
62,2.0,0.0,0.01,2.0,55.5352,18.561373897424726,7.3656000000000015,4.287388090667791,6.899957065126832,1.485063511873169,2.80188679245283
63,2.0,0.0,0.01,3.0,78.6272,27.73543401787684,12.9016,7.1445026027009035,7.842418602314807,1.4156739311891546,3.1415094339622636
64,2.0,0.0,0.01,4.0,63.5208,21.285735302309856,9.3776,5.3116455303417975,7.336280716449642,1.4859375375090926,3.179245283018868
65,2.0,0.0,0.01,5.0,62.4016,20.67014846197288,9.1144,4.9867537176002585,7.213445972160715,1.4054882090980785,3.0283018867924527
66,2.0,0.0,0.01,6.0,76.0328,26.083417800587412,12.1112,6.691148971589259,7.345986788424747,1.3608517947161325,3.452830188679245
67,2.0,0.0,0.01,7.0,63.7768,21.824843224179183,9.1328,5.213087775973086,7.2419337975083105,1.4589927005503076,2.849056603773585
68,2.0,0.0,0.01,8.0,62.59120000000001,20.93344316064608,9.3056,5.0600601419350735,6.92232888073619,1.448391971628518,2.9150943396226414
69,2.0,0.0,0.01,9.0,66.80239999999999,22.082054121842926,9.9824,5.537393812977365,7.40187033536216,1.4867100468089207,2.9433962264150937
70,2.0,1.0,0.01,0.0,107.3192,37.54172547126729,20.2344,10.526443684359881,8.07437650303645,1.3822875304014532,4.028301886792453
71,2.0,1.0,0.01,1.0,103.05920000000002,36.20977568778906,18.8344,9.812217722818833,8.320876499780166,1.4800246498652208,3.820754716981132
72,2.0,1.0,0.01,2.0,96.82799999999999,33.247715350080824,17.1944,9.033828016959363,7.762769093875692,1.4236844897345289,3.5566037735849063
73,2.0,1.0,0.01,3.0,120.7336,42.59220481543542,22.875999999999998,9.619071888701113,25.318987351985783,5.474889401062389,4.59433962264151
74,2.0,1.0,0.01,4.0,111.28,40.8265521444072,20.7016,9.402778176687994,24.16097324369946,5.059148040990972,4.235849056603773
75,2.0,1.0,0.01,5.0,113.6896,40.92706453973947,21.328000000000003,11.42699680581035,7.9577791613005,1.362685833185147,4.235849056603773
76,2.0,1.0,0.01,6.0,90.9232,31.19283285884756,15.723200000000002,8.367280427952679,7.773263448821851,1.488969770319296,3.5566037735849063
77,2.0,1.0,0.01,7.0,110.2864,39.35130664971622,20.2416,10.585432888644661,8.292060813126874,1.6316324337831274,3.820754716981132
78,2.0,1.0,0.01,8.0,115.2664,41.37689296020183,22.4872,11.814482475335092,8.163772114253133,1.3185189765876968,4.452830188679245
79,2.0,1.0,0.01,9.0,147.83360000000005,54.341078302146336,27.171999999999997,10.922608479662724,30.133890914021656,6.269904769746423,5.584905660377358
80,2.0,2.0,0.01,0.0,124.0816,47.32227278396506,23.1184,10.589280496804305,25.072514473947148,5.49832343017793,4.150943396226415
81,2.0,2.0,0.01,1.0,137.0616,53.82481700331178,25.7496,11.858007414401461,25.40656867816507,5.983273941583457,4.943396226415095
82,2.0,2.0,0.01,2.0,126.7984,48.88657890914438,23.8752,11.14208351072635,24.56481830200477,5.7196135401892665,4.566037735849057
83,2.0,2.0,0.01,3.0,98.5144,36.177038472489706,17.632,8.039339276333596,26.074585354453923,6.008568597841434,4.169811320754717
84,2.0,2.0,0.01,4.0,111.5888,42.47162858379697,20.8968,9.887482478366273,23.831849378856074,5.423556994792624,4.037735849056603
85,2.0,2.0,0.01,5.0,124.7648,47.336078850703295,23.2336,10.801443933104501,24.67206889633935,5.963379577240312,4.650943396226415
86,2.0,2.0,0.01,6.0,139.6128,53.863633707353976,27.0984,12.60037132151271,23.226440578612625,4.998905299654064,4.839622641509433
87,2.0,2.0,0.01,7.0,136.2752,52.11105165854936,26.695999999999998,14.570734504478487,8.500122636407784,1.6820248358473144,4.811320754716982
88,2.0,2.0,0.01,8.0,121.50399999999999,46.83722007122114,22.3072,10.384682381276763,25.435754020498308,5.762573351524475,4.358490566037736
89,2.0,2.0,0.01,9.0,99.8608,38.23865038622571,18.3328,10.420946413834015,7.431544566207385,1.30125750272416,3.679245283018868
90,0.0,0.0,0.025,0.0,62.9384,19.675126567318443,9.0168,4.0472654669542,35.547413956693546,9.416757128077592,1.028301886792453
91,0.0,0.0,0.025,1.0,54.588800000000006,16.687313581280847,7.452000000000001,3.6020905041378404,26.854535272361744,7.350514151210768,1.0566037735849056
92,0.0,0.0,0.025,2.0,66.7408,21.184749593988602,10.164,4.5311879237127215,34.150663557770045,8.97384846036893,1.0471698113207548
93,0.0,0.0,0.025,3.0,61.8856,18.93466325657787,8.659199999999998,4.083999921645445,30.459981273255487,8.097918799906044,1.0660377358490567
94,0.0,0.0,0.025,4.0,59.70480000000001,19.004447294251946,8.705599999999999,4.000845990537502,34.49067909743819,8.684237807697084,1.028301886792453
95,0.0,0.0,0.025,5.0,59.57039999999999,19.030197157150003,8.695200000000002,3.9451510693508314,32.283106905313765,7.951815430805539,1.0849056603773586
96,0.0,0.0,0.025,6.0,59.523999999999994,19.179976642321538,8.628,4.0266730684275815,32.200436004003784,8.732615762513014,0.8962264150943396
97,0.0,0.0,0.025,7.0,60.532,19.897819378012255,8.4224,4.0457951307499505,36.23540226529147,9.777067585997765,0.9245283018867924
98,0.0,0.0,0.025,8.0,72.05199999999999,23.294696735523306,10.885599999999998,4.776897805061356,40.68973842132414,9.808526704937565,1.2924528301886793
99,0.0,0.0,0.025,9.0,63.088,18.94870380791256,9.226400000000002,3.7747083384017897,44.799412621971825,10.475672669491873,1.0566037735849056
100,0.0,1.0,0.025,0.0,70.82239999999999,21.423944973790427,10.6704,4.38614225031519,37.24686826712668,9.006244942147507,0.9716981132075472
101,0.0,1.0,0.025,1.0,62.31360000000001,18.566504653272787,8.9328,3.8640864586600543,37.91310244464007,10.034295204473745,0.7547169811320755
102,0.0,1.0,0.025,2.0,74.584,23.62055511625415,11.350400000000002,4.627442040695917,44.093274634347736,10.627873407940909,0.9433962264150944
103,0.0,1.0,0.025,3.0,61.79680000000001,18.538685761401748,8.347999999999999,3.750458105351932,46.89816369247315,12.336545007295038,0.8679245283018868
104,0.0,1.0,0.025,4.0,73.39119999999998,23.046653608712912,10.9112,4.5750928471452905,45.1652034296064,10.767218573996143,1.1132075471698113
105,0.0,1.0,0.025,5.0,74.1272,22.124816387034716,11.1192,4.699347971793534,39.962911361056975,8.982934225050316,0.9528301886792452
106,0.0,1.0,0.025,6.0,65.2088,19.350834673470803,9.596,4.066072306292647,35.031904531437604,9.880966563702202,0.9150943396226416
107,0.0,1.0,0.025,7.0,63.22,19.397750385031763,9.0968,4.014183573281122,33.999093278862354,9.400088673241463,0.7641509433962265
108,0.0,1.0,0.025,8.0,64.2976,19.4366188993868,9.2136,4.015526745023622,37.90679571570304,9.429517116873305,1.0
109,0.0,1.0,0.025,9.0,78.5488,24.890678145844078,12.296,5.21048788502574,41.016599262923066,9.5163367637718,1.028301886792453
110,0.0,2.0,0.025,0.0,49.5976,15.982074778951574,6.6704,3.2425428046519293,28.630033095064803,8.26512231148693,1.509433962264151
111,0.0,2.0,0.025,1.0,44.97039999999999,14.551500398240723,5.6672,2.7887137106558644,27.731477046647118,9.869649679394273,1.4528301886792452
112,0.0,2.0,0.025,2.0,54.1512,17.521005067061648,7.5215999999999985,3.5317889857691096,29.95093209915982,8.139076326545768,1.7452830188679245
113,0.0,2.0,0.025,3.0,52.56960000000001,17.238562464428412,6.918399999999999,3.2650974625575877,32.67059797453905,10.084557414546424,1.6037735849056605
114,0.0,2.0,0.025,4.0,51.663999999999994,16.594699876767887,6.864,3.3226591760215185,32.089389588671644,8.56534886482826,1.858490566037736
115,0.0,2.0,0.025,5.0,45.06480000000001,15.291716743387575,5.4056000000000015,2.7903491967852334,28.307538630335184,8.92162045340367,1.4716981132075468
116,0.0,2.0,0.025,6.0,46.9328,15.067664854249976,6.0648,3.0215428112141653,29.078933197742646,8.92325711331794,1.5283018867924532
117,0.0,2.0,0.025,7.0,48.1096,16.04885503205758,6.3184,3.0760594012469915,29.098155094774665,8.919117146921408,1.6037735849056605
118,0.0,2.0,0.025,8.0,47.4656,15.458916412219839,5.944,2.9700478110629804,26.06305603152608,8.342085881537244,1.7735849056603774
119,0.0,2.0,0.025,9.0,56.5408,18.302017794767877,7.795199999999999,3.6432920497813512,34.48322042767005,9.467043380628343,1.5471698113207548
120,1.0,0.0,0.025,0.0,41.6984,12.424108718133464,4.8048,2.2491902898598863,28.094789979935193,9.156901995018405,1.4433962264150944
121,1.0,0.0,0.025,1.0,45.6296,12.737620022594488,5.6176,2.4521032278433954,32.11220791287241,9.303242194177932,1.4056603773584906
122,1.0,0.0,0.025,2.0,42.03439999999999,13.145813654544172,4.824,2.4525056574858293,31.013134035912003,10.127947976066405,1.4716981132075468
123,1.0,0.0,0.025,3.0,45.98559999999999,13.955212382475588,5.6608,2.6800864463669827,32.50367150173917,9.843846041560306,1.4245283018867925
124,1.0,0.0,0.025,4.0,44.5824,13.010347045332804,5.5192000000000005,2.4931970158814165,35.75845811716668,10.77292021800448,1.179245283018868
125,1.0,0.0,0.025,5.0,45.7304,13.582616678681614,5.2576,2.5375031507369603,33.139841257057064,10.658132194045036,1.518867924528302
126,1.0,0.0,0.025,6.0,45.5336,14.640751040844865,5.3416,2.701693809446214,35.770332323228565,11.275302041046395,1.5
127,1.0,0.0,0.025,7.0,41.48,12.301739714365606,4.6103999999999985,2.1839532595731077,28.52060233901205,9.49741702095166,1.2830188679245282
128,1.0,0.0,0.025,8.0,43.460800000000006,13.110733898603845,5.192799999999999,2.4782147122475084,27.073807533839283,8.351101118738589,1.349056603773585
129,1.0,0.0,0.025,9.0,41.619200000000006,12.17782703769437,4.8224,2.2944407248826457,29.60330529859829,9.75129935329656,1.169811320754717
130,1.0,1.0,0.025,0.0,39.4472,11.515715008630595,4.2544,1.963568343603044,26.813250663520517,9.44465329991174,1.5943396226415094
131,1.0,1.0,0.025,1.0,40.87280000000001,13.179462058824711,4.803999999999999,2.3632824630162177,32.27912217533207,9.710264327487176,1.4716981132075468
132,1.0,1.0,0.025,2.0,40.2112,12.400253003870525,4.4968,2.2238142368462337,27.19295104051404,8.305894163385048,1.6415094339622642
133,1.0,1.0,0.025,3.0,41.2152,12.425184463821855,4.7512,2.223083120353353,31.724129457430855,10.454396180462481,1.518867924528302
134,1.0,1.0,0.025,4.0,44.1696,12.624967161937489,5.300799999999999,2.421784333915801,30.914453087427866,8.506068722306374,1.6320754716981132
135,1.0,1.0,0.025,5.0,38.6096,11.397216670749048,4.210400000000001,1.9812854009455576,30.772582451395923,10.15411730991296,1.481132075471698
136,1.0,1.0,0.025,6.0,41.163999999999994,12.596132104737551,4.7952,2.288889896871406,26.161141672996457,8.48432993493005,1.5
137,1.0,1.0,0.025,7.0,37.3416,10.74522170269185,4.1888,2.029747412857078,23.919429604304977,7.5041820850687575,1.518867924528302
138,1.0,1.0,0.025,8.0,42.7664,12.30181088458118,5.0016,2.3508290962977294,37.030111822078034,11.904893463639706,1.7358490566037736
139,1.0,1.0,0.025,9.0,40.5832,11.718820664213615,4.6648,2.1873364990325563,26.198394065587802,8.852247016269859,1.5283018867924532
140,1.0,2.0,0.025,0.0,39.9424,11.546506062008538,4.763999999999999,2.16247635825227,24.486227626707066,7.9288005431697774,1.5377358490566038
141,1.0,2.0,0.025,1.0,45.5256,12.937155198883564,5.5904,2.4840426405357863,33.88827671932123,10.142222456795428,1.4433962264150944
142,1.0,2.0,0.025,2.0,43.1536,13.401841927138223,4.904799999999999,2.4532217510857017,28.17390592020065,8.590801390770674,1.5660377358490567
143,1.0,2.0,0.025,3.0,40.416,11.845866114387753,4.6432,2.2321410708107137,23.283871387121412,7.111040949906179,1.5566037735849056
144,1.0,2.0,0.025,4.0,53.163999999999994,14.951756552325214,7.02,3.0504688164280584,39.12301070005846,9.896701947034686,1.7075471698113207
145,1.0,2.0,0.025,5.0,45.8328,13.269455307585162,5.6048,2.4659555875968246,37.49196946267953,11.167495984175217,1.69811320754717
146,1.0,2.0,0.025,6.0,41.9952,11.813631827681105,4.5808,2.0384188382175044,40.23430444346255,13.258592324696426,1.490566037735849
147,1.0,2.0,0.025,7.0,46.2576,14.015724106873677,6.0432,2.662099502272595,37.196229638832214,10.597747977366435,1.5754716981132075
148,1.0,2.0,0.025,8.0,42.2,12.053892317421786,5.0728,2.300256542214368,25.25812300531791,7.989470082369893,1.4716981132075468
149,1.0,2.0,0.025,9.0,47.5896,14.520244207312768,5.6576,2.639310940378189,36.70736246392684,10.236321941111422,1.5471698113207548
150,2.0,0.0,0.025,0.0,50.4648,18.77875717293346,6.9647999999999985,3.933004063054093,25.9156595633572,8.158217461723378,2.5188679245283017
151,2.0,0.0,0.025,1.0,54.6208,18.544171250287786,7.968800000000001,4.205004941733125,23.73563076143848,6.2131110016899775,2.6320754716981134
152,2.0,0.0,0.025,2.0,47.4664,16.0591678190372,6.3976000000000015,3.353779098271083,22.789550459790906,6.729322889171798,2.556603773584906
153,2.0,0.0,0.025,3.0,48.424,17.240057540507227,6.362400000000001,3.573953866518145,22.87601880437344,7.153523494918869,2.4150943396226414
154,2.0,0.0,0.025,4.0,47.4992,16.236287733345947,6.212000000000001,3.3674227533827708,21.651297392327738,6.455995469451072,2.7169811320754715
155,2.0,0.0,0.025,5.0,48.092,16.662686938186162,6.5432,3.552550317729504,22.78127339593377,6.291466252145256,2.509433962264151
156,2.0,0.0,0.025,6.0,50.8432,17.77095309092903,7.119200000000001,3.7732149898991976,29.982609792562148,8.840664490224649,2.7358490566037736
157,2.0,0.0,0.025,7.0,50.1384,16.540632558641764,6.7856,3.508497205357302,26.835293719085808,7.561953606330338,2.349056603773585
158,2.0,0.0,0.025,8.0,47.45520000000001,16.350314766389054,6.3927999999999985,3.4953838358612352,23.450872017233877,7.216190654028709,2.5660377358490565
159,2.0,0.0,0.025,9.0,54.66880000000001,20.045980808132086,7.815200000000001,4.286043508878556,22.629892363432933,6.261609350291827,2.89622641509434
160,2.0,1.0,0.025,0.0,77.90320000000001,28.495126421197014,12.8488,6.1126245230669936,31.731615255836658,7.582523787332763,2.8867924528301887
161,2.0,1.0,0.025,1.0,73.0368,26.06185729682365,11.3416,5.412661955082729,30.604833315534897,7.868464111360555,2.6698113207547167
162,2.0,1.0,0.025,2.0,71.6344,25.66870656344024,11.6808,5.838824484431775,24.39788518271773,5.283917363196794,2.320754716981132
163,2.0,1.0,0.025,3.0,96.88,34.990769068427184,16.5552,7.450867933335014,32.75883632854969,7.9089367208775005,3.39622641509434
164,2.0,1.0,0.025,4.0,74.71279999999999,26.311905977332767,12.0224,5.839326865315899,29.153104896231746,7.04461867012974,2.6320754716981134
165,2.0,1.0,0.025,5.0,83.18720000000002,30.560950184181124,13.5416,6.39979604675024,31.388770355076677,7.465085781227579,2.9433962264150937
166,2.0,1.0,0.025,6.0,66.6704,22.419502310265496,10.387199999999998,4.938971164119102,28.782104828537268,6.971803462169246,2.5943396226415096
167,2.0,1.0,0.025,7.0,87.22479999999999,32.08441155701628,14.7536,6.9289484801086525,31.97180283685247,7.217391692059728,3.047169811320755
168,2.0,1.0,0.025,8.0,56.983999999999995,20.497540925681797,8.582399999999998,4.3238143160871285,25.899928810948552,6.89955630890133,2.3301886792452833
169,2.0,1.0,0.025,9.0,95.7984,34.78924427808112,16.3488,7.5580485947101455,31.43873467181778,7.482961978880353,2.9245283018867925
170,2.0,2.0,0.025,0.0,64.8592,24.17285120460555,9.969599999999998,5.2063687767963565,27.83094567349121,7.388584384689177,2.6320754716981134
171,2.0,2.0,0.025,1.0,65.9072,23.455360755272984,10.0768,5.054283506096586,27.551057345210825,7.198789015252391,2.7169811320754715
172,2.0,2.0,0.025,2.0,63.0,23.894976877996758,9.872,5.3057191783960835,27.44049024281395,7.4796817503594735,2.179245283018868
173,2.0,2.0,0.025,3.0,68.464,25.360903453938704,10.679200000000002,5.461864824398348,27.181528445931306,7.300796764831058,2.688679245283019
174,2.0,2.0,0.025,4.0,74.53439999999998,27.843296080744466,12.225599999999998,6.17457890386057,26.18340040633707,6.30689845939887,2.8867924528301887
175,2.0,2.0,0.025,5.0,86.0096,32.37192715672022,14.5816,7.250256646491902,27.633921344860145,6.665193260405254,2.8679245283018866
176,2.0,2.0,0.025,6.0,74.0328,27.279959753635996,12.2024,6.155335428715483,24.874079008628836,6.355689762066825,2.7358490566037736
177,2.0,2.0,0.025,7.0,81.43839999999999,30.236859053810463,13.276,6.608538718960492,29.282076634730352,7.17766027864965,2.830188679245283
178,2.0,2.0,0.025,8.0,67.45519999999999,25.53581314467977,10.8088,5.831041292942452,24.56961688838401,6.482453114082726,2.3773584905660377
179,2.0,2.0,0.025,9.0,71.1136,26.267812528644253,11.42,5.936982398491678,26.73007422965228,7.334395312470244,2.7358490566037736
180,0.0,0.0,0.05,0.0,69.0096,21.312364201092286,10.4832,4.509842320968661,35.87734168558955,8.242754221572048,1.1226415094339623
181,0.0,0.0,0.05,1.0,56.6976,18.086823774228574,8.1192,3.716174290853431,33.64902149309991,8.8398294389451,1.0943396226415094
182,0.0,0.0,0.05,2.0,59.4936,19.200867663728115,8.333599999999999,3.7016632802025633,41.641959287759406,11.29749878770931,1.0377358490566038
183,0.0,0.0,0.05,3.0,63.6512,20.20342789132577,9.318400000000002,4.209862401551861,35.06651484713751,9.071056884416434,1.0566037735849056
184,0.0,0.0,0.05,4.0,54.0008,17.293591858257788,7.300799999999999,3.5666566080855047,31.04289398039909,8.162703522759148,1.0094339622641508
185,0.0,0.0,0.05,5.0,57.8464,17.97324475546917,4.711200000000002,0.8187518305323048,1237.2449219165778,492.52716903121245,1.018867924528302
186,0.0,0.0,0.05,6.0,58.0656,18.884919291328732,8.380799999999999,3.9825157074392057,33.240259428511834,8.653937176243899,0.9905660377358492
187,0.0,0.0,0.05,7.0,60.3568,19.034361921535485,8.7032,3.8912915285288,39.03340037301135,9.809904965591453,1.0566037735849056
188,0.0,0.0,0.05,8.0,51.0056,16.633771930623553,6.8712,3.3948977245272056,26.23378934104188,7.629385337656112,0.9905660377358492
189,0.0,0.0,0.05,9.0,61.5584,19.769589511165886,8.718399999999999,4.096562148924388,36.54520495340461,9.664121607644534,1.0471698113207548
190,0.0,1.0,0.05,0.0,57.73839999999999,17.221081424811853,8.173599999999999,3.694940194373922,31.640335068269767,8.561977577962775,0.7830188679245284
191,0.0,1.0,0.05,1.0,66.5856,20.345364893262538,9.8632,4.070460141065135,42.10431384580207,11.518549012767556,0.9622641509433962
192,0.0,1.0,0.05,2.0,65.3704,20.666082450237152,9.6672,4.2399580375282016,39.88078412715455,9.84053159641938,0.8867924528301887
193,0.0,1.0,0.05,3.0,62.648,18.21410266798779,8.958400000000003,3.816620159250852,39.96732021248348,10.441075277248551,0.9150943396226416
194,0.0,1.0,0.05,4.0,76.55920000000002,23.690661775476013,12.2608,4.9561097001579775,44.26897585068215,10.11024864794,1.0094339622641508
195,0.0,1.0,0.05,5.0,66.7504,20.559403197563885,9.7704,4.1583366674669335,40.443381895398566,10.495352042765967,0.8396226415094341
196,0.0,1.0,0.05,6.0,63.44,18.640515014344427,9.267999999999999,3.903272473194768,37.311309239109406,9.476256024876024,0.8584905660377359
197,0.0,1.0,0.05,7.0,69.3472,22.066918501684825,10.465599999999998,4.560229888942004,43.409928843950226,10.362364977513133,0.9056603773584906
198,0.0,1.0,0.05,8.0,58.7976,16.859840872321428,8.3664,3.4433691408270484,41.645726568421786,10.843613529571533,0.8396226415094341
199,0.0,1.0,0.05,9.0,67.3488,19.983391567999664,10.1056,4.202900027362059,37.06525095011408,9.089652185376973,0.8679245283018868
200,0.0,2.0,0.05,0.0,45.3256,15.164603016234881,5.7248,3.0218578656184345,24.975425854040264,7.87196180963612,1.7924528301886793
201,0.0,2.0,0.05,1.0,51.26880000000001,17.066291529210442,7.1064,3.40278107435668,32.69421794671638,9.281404120509633,1.6415094339622642
202,0.0,2.0,0.05,2.0,52.5648,17.513780887061483,6.992799999999999,3.4146666250162694,31.064935335109357,9.400001438046598,1.5660377358490567
203,0.0,2.0,0.05,3.0,50.123999999999995,16.588569076324813,6.5928,3.2101508001961525,31.089753845887927,9.356674256830749,1.80188679245283
204,0.0,2.0,0.05,4.0,46.931999999999995,15.56990995478137,5.9112,2.9096725863918085,32.24164768588096,10.356674830163213,1.5943396226415094
205,0.0,2.0,0.05,5.0,44.808,15.159522947639214,5.484,2.8992385207153966,20.933940266635727,6.410523837964712,1.518867924528302
206,0.0,2.0,0.05,6.0,44.0152,13.657171338165163,5.4968,2.59761231903454,33.9704812636175,10.152433944451085,1.6132075471698113
207,0.0,2.0,0.05,7.0,47.2368,15.200639649698957,6.0824,3.040330613601093,24.825513601443568,7.282016536969408,1.6320754716981132
208,0.0,2.0,0.05,8.0,43.5,13.711778878030374,5.3872,2.6765044666504854,27.22734182904448,7.8402735021779275,1.7547169811320755
209,0.0,2.0,0.05,9.0,50.7672,16.644270009826204,6.712000000000001,3.243987669520339,36.66558317095912,11.135238309565212,1.5660377358490567
210,1.0,0.0,0.05,0.0,39.2376,12.217732450827365,4.236000000000001,2.0379165831799884,35.58084914826664,12.599354215735547,1.2641509433962264
211,1.0,0.0,0.05,1.0,42.91760000000001,13.15824039300088,5.1464,2.4322843254849955,31.01917731071979,10.09779278282695,1.4245283018867925
212,1.0,0.0,0.05,2.0,40.1064,12.235595573571398,4.4272,2.2133188111973388,27.229602079505483,10.01724540064181,1.4245283018867925
213,1.0,0.0,0.05,3.0,46.5344,13.608286322678547,5.466399999999998,2.6876739087917643,32.94050077308234,9.847313661969316,1.4433962264150944
214,1.0,0.0,0.05,4.0,43.3416,13.622156563481425,4.96,2.457120265676876,32.12540682759848,10.86495757204859,1.4150943396226414
215,1.0,0.0,0.05,5.0,40.48160000000001,12.556014552396789,4.4944,2.269741976525085,29.671587746767248,9.87940863677903,1.30188679245283
216,1.0,0.0,0.05,6.0,40.2176,12.00152033035815,4.3088000000000015,2.1254276181512277,30.099793815590388,10.905558451731567,1.320754716981132
217,1.0,0.0,0.05,7.0,40.2712,12.603042908758187,4.648,2.3961836323620944,25.54279394317247,8.264136572231921,1.4433962264150944
218,1.0,0.0,0.05,8.0,46.54,13.74764852620258,5.5584,2.599051642426521,26.987648014927643,8.748532446808529,1.339622641509434
219,1.0,0.0,0.05,9.0,43.2632,12.742295152758,5.1984,2.507843184890156,27.323259410899386,8.592944167771236,1.3962264150943395
220,1.0,1.0,0.05,0.0,45.2184,13.453569840009008,5.6328,2.51505152233508,33.865856672379486,9.669955247305966,1.7830188679245282
221,1.0,1.0,0.05,1.0,41.9632,12.525669872705409,4.756,2.302099910950869,31.726925711559524,10.204517771611707,1.6886792452830188
222,1.0,1.0,0.05,2.0,40.9568,12.178317361606243,4.5528,2.2543496090890605,29.314357902323952,9.930605117417688,1.5566037735849056
223,1.0,1.0,0.05,3.0,39.01839999999999,11.808233629125061,4.42,2.152003717468908,24.405927530990528,8.666298808614817,1.6320754716981132
224,1.0,1.0,0.05,4.0,38.568000000000005,11.432372282251832,4.284,2.0626546002663657,34.69135299719627,11.975441962234092,1.5754716981132075
225,1.0,1.0,0.05,5.0,41.356,12.191281474890161,4.6568000000000005,2.1410590276776587,25.11141380340793,8.159084956925613,1.6226415094339623
226,1.0,1.0,0.05,6.0,44.751999999999995,12.962873755460244,5.3176000000000005,2.4436223603494867,28.7179034279008,9.146942129491876,1.8113207547169807
227,1.0,1.0,0.05,7.0,46.0656,14.329846357864414,5.8744,2.753918052520808,32.273635617734,9.275084580033194,1.6886792452830188
228,1.0,1.0,0.05,8.0,38.4432,11.500332767359385,4.1976,2.018512878333948,23.8663012995088,8.48545838996388,1.509433962264151
229,1.0,1.0,0.05,9.0,38.65839999999999,11.537914431993332,4.2712,1.9965296291315089,31.49230763990105,10.88341610526246,1.5471698113207548
230,1.0,2.0,0.05,0.0,39.9336,11.893967842566248,4.564799999999999,2.055558551829648,31.04819115032105,10.048624387896648,1.5943396226415094
231,1.0,2.0,0.05,1.0,44.72,13.65329557286445,5.3824,2.4086532004421057,37.63575272220262,11.844298849691985,1.6132075471698113
232,1.0,2.0,0.05,2.0,44.7736,13.775646011712118,5.132000000000001,2.472572749182519,34.137256824868935,10.511226532815208,1.4528301886792452
233,1.0,2.0,0.05,3.0,44.9544,13.709138581253018,5.4144,2.6315228746868233,29.42341376035957,9.38082725166284,1.6226415094339623
234,1.0,2.0,0.05,4.0,43.6672,13.810058803640194,5.1256,2.5002529152067794,29.156792310513566,9.412033532048456,1.4433962264150944
235,1.0,2.0,0.05,5.0,46.47039999999999,13.76603951178406,5.7864,2.6665886521921602,32.257265774949424,9.347129652380302,1.5471698113207548
236,1.0,2.0,0.05,6.0,46.4144,14.241329735667241,5.8224,2.762342889650016,29.920964116866692,8.985185343881732,1.6226415094339623
237,1.0,2.0,0.05,7.0,42.6184,12.166477774606747,5.0744,2.332188808823162,31.63171625071085,9.593370281167331,1.6037735849056605
238,1.0,2.0,0.05,8.0,40.288000000000004,11.138715186232206,4.2744,1.9646640018079429,26.26758630174823,9.115392103906244,1.4528301886792452
239,1.0,2.0,0.05,9.0,40.0472,12.164900828202427,4.5432,2.148518968964435,28.335135151708368,9.404606615042,1.4150943396226414
240,2.0,0.0,0.05,0.0,46.9352,16.820562444817355,6.199199999999999,3.328831530732669,25.666477826467155,7.874858953742755,2.3679245283018866
241,2.0,0.0,0.05,1.0,53.7528,19.177991869849144,7.5192,3.88923017575458,27.725300066939457,8.189256716491087,2.9150943396226414
242,2.0,0.0,0.05,2.0,51.1984,18.17334304524074,7.164,3.7483841852190127,27.348860494061228,7.956821590287737,2.547169811320755
243,2.0,0.0,0.05,3.0,52.7912,19.15242654495769,4.8176000000000005,1.2024018629393418,854.6799866084056,294.3493444065698,2.537735849056604
244,2.0,0.0,0.05,4.0,48.3976,17.222204105166096,6.4992,3.6446233495383296,21.11491916637223,6.654385848751201,2.349056603773585
245,2.0,0.0,0.05,5.0,44.4536,15.373738876408694,5.6968,3.083593643786418,22.513750804955386,7.824199589139464,2.4716981132075477
246,2.0,0.0,0.05,6.0,51.6816,18.38850242515686,7.1944,3.8624925423876224,25.70799116388903,7.19345395094445,2.660377358490566
247,2.0,0.0,0.05,7.0,47.56160000000001,16.448517423768013,6.24,3.301781337399556,22.8673779824135,6.8059935150370885,2.4339622641509435
248,2.0,0.0,0.05,8.0,46.6816,16.4422109656822,6.240799999999999,3.2753282827832693,26.09564109059063,7.922330830582544,2.188679245283019
249,2.0,0.0,0.05,9.0,52.29040000000001,18.641733498792433,7.402399999999999,3.911275270292287,28.450858502581028,7.967007328970578,2.811320754716981
250,2.0,1.0,0.05,0.0,71.50399999999999,25.566060001494176,11.2232,5.446461398008802,31.756555307332906,7.990748610329543,2.8867924528301887
251,2.0,1.0,0.05,1.0,62.2752,21.638508843263672,9.7312,4.975305675031434,22.708621723947672,5.709342220447997,2.292452830188679
252,2.0,1.0,0.05,2.0,71.35600000000001,25.27140011950268,11.6832,5.553099833426372,29.809778973778414,7.604882177668651,2.5754716981132075
253,2.0,1.0,0.05,3.0,61.50560000000001,21.406026456117445,9.1568,4.619269829745822,27.560675333936054,7.165013667489573,2.3301886792452833
254,2.0,1.0,0.05,4.0,67.75280000000001,24.05347068844744,10.7344,5.3213096733792895,29.70764440890925,7.63599329415259,2.349056603773585
255,2.0,1.0,0.05,5.0,64.45039999999999,23.106290482031078,9.8384,5.0269479249341735,25.418582029720802,6.833045645676371,2.292452830188679
256,2.0,1.0,0.05,6.0,70.28960000000001,25.523528984840635,11.527999999999999,5.76274379093848,25.270887263887573,6.354138837065491,2.537735849056604
257,2.0,1.0,0.05,7.0,79.4616,29.300810320535504,13.1288,6.281188626366829,33.360861258044054,8.004641622988629,3.0283018867924527
258,2.0,1.0,0.05,8.0,63.67439999999999,22.18057674272696,10.004,4.919396710979915,26.617481813361522,6.750207693460614,2.2169811320754715
259,2.0,1.0,0.05,9.0,59.47039999999999,21.19083962093055,8.7464,4.428002601625252,27.349615231652727,6.67032353253536,2.0188679245283017
260,2.0,2.0,0.05,0.0,65.8544,25.18819248457499,9.9832,5.3964319471295115,29.178961218884325,8.622294007621663,2.3679245283018866
261,2.0,2.0,0.05,1.0,64.8296,23.48079563898975,9.8136,4.968570724061398,30.50229321322943,8.800784341592136,2.556603773584906
262,2.0,2.0,0.05,2.0,62.87280000000001,23.301803796272942,9.8552,5.113995791941953,25.95270137989709,7.019750315235538,2.349056603773585
263,2.0,2.0,0.05,3.0,67.13600000000001,25.324847561239142,10.48,5.361014829302377,30.385344646423658,8.179345777904949,2.89622641509434
264,2.0,2.0,0.05,4.0,70.124,27.24699733915647,11.2904,5.913806544012071,27.224154796457114,7.312716579571818,2.6320754716981134
265,2.0,2.0,0.05,5.0,57.9616,21.798505578135394,8.556000000000001,4.827502874157611,24.66630955485179,7.0451176721997175,2.160377358490566
266,2.0,2.0,0.05,6.0,60.268,22.312099318531192,9.2528,4.926606556241324,26.225992884678888,6.934740330846858,2.7735849056603774
267,2.0,2.0,0.05,7.0,53.5424,19.65835909327124,7.859199999999999,4.267197600299287,22.227315516546756,6.385257602243082,2.179245283018868
268,2.0,2.0,0.05,8.0,63.0432,24.22127440412663,9.5744,5.009397632450433,31.11487046714868,7.951631660053943,2.4150943396226414
269,2.0,2.0,0.05,9.0,77.2144,28.27202349744355,12.495999999999999,6.124108424905621,32.65402189138233,7.941507649887273,2.707547169811321
270,0.0,0.0,0.075,0.0,55.3784,17.701851130319678,7.4088,3.4750428141247407,32.886935199501494,8.520344758610396,1.018867924528302
271,0.0,0.0,0.075,1.0,63.4896,19.896652277204822,9.3032,4.206631640636009,33.336022131120885,8.149537024986637,1.0849056603773586
272,0.0,0.0,0.075,2.0,58.21360000000001,18.542836218874392,8.2256,3.7780821378048417,37.09333245536174,9.698331276591519,1.160377358490566
273,0.0,0.0,0.075,3.0,60.1632,19.39644312135604,8.6112,4.0965002819479945,33.894860050374646,8.790451578907346,1.0943396226415094
274,0.0,0.0,0.075,4.0,61.7392,18.842916530091614,8.8624,3.858531617079223,38.02879011754912,8.842158977927335,1.0377358490566038
275,0.0,0.0,0.075,5.0,62.523999999999994,19.690821821346105,8.878400000000003,4.007065439944799,42.30560425506524,11.291715543364225,1.0660377358490567
276,0.0,0.0,0.075,6.0,68.43520000000001,22.773227284686733,10.2696,4.578221908121099,43.14831941872285,10.717580881257373,1.2075471698113207
277,0.0,0.0,0.075,7.0,59.7768,18.473010089316798,8.636800000000001,3.725791964133264,33.474754250702354,8.798848549551806,0.9245283018867924
278,0.0,0.0,0.075,8.0,54.009600000000006,16.61558508870512,7.492000000000001,3.412262592474383,33.10962274796341,9.69945833582644,1.0
279,0.0,0.0,0.075,9.0,58.8472,17.994821815177833,8.308,3.8191957268514014,35.88115084333731,10.00532659481077,1.0377358490566038
280,0.0,1.0,0.075,0.0,62.7592,19.24682870916661,9.0768,3.9249995872611247,42.09597253206274,10.639495403396275,0.8490566037735849
281,0.0,1.0,0.075,1.0,63.2272,19.216107310274886,9.1088,3.8741402349424576,39.81020454177093,10.191659223038805,0.9528301886792452
282,0.0,1.0,0.075,2.0,68.4752,21.013521955160208,10.0504,4.364275408358186,41.503060365797786,10.083617181567432,1.0377358490566038
283,0.0,1.0,0.075,3.0,70.3216,21.506827135586505,10.7936,4.479245365014067,38.24539787099295,9.739556832324816,0.9245283018867924
284,0.0,1.0,0.075,4.0,70.98,21.857848018503557,10.5296,4.276877814481026,48.508343168541785,11.73778685748233,0.981132075471698
285,0.0,1.0,0.075,5.0,60.48560000000001,18.50920291746784,8.487200000000001,3.893614793479191,33.67319085488761,9.518743915896325,0.7830188679245284
286,0.0,1.0,0.075,6.0,65.92,20.376472707512452,10.0344,4.464071755695691,34.221816848197705,8.570719765190491,0.8490566037735849
287,0.0,1.0,0.075,7.0,56.5152,15.975766928695474,8.004,3.3638287709097208,30.101601916694566,7.78426734612379,0.7452830188679245
288,0.0,1.0,0.075,8.0,54.9048,16.926251119488924,7.4912,3.4253178772195727,29.780348965660647,8.343122408980419,0.8867924528301887
289,0.0,1.0,0.075,9.0,60.66159999999999,18.90344004248962,8.639199999999999,3.725187694600099,42.17770497432178,11.103575291085258,0.7358490566037735
290,0.0,2.0,0.075,0.0,44.428000000000004,14.728367730335902,5.74,2.802299056132304,34.448255452113145,10.249046102728109,1.6132075471698113
291,0.0,2.0,0.075,1.0,47.3032,15.581519494580753,6.0936,3.147220843855734,30.68314872804117,9.570153504323061,1.660377358490566
292,0.0,2.0,0.075,2.0,37.9432,12.61227869022882,4.0896,2.1673882531747743,20.772974097536075,7.211134709593044,1.4622641509433962
293,0.0,2.0,0.075,3.0,53.9416,16.90947040684598,7.3312,3.414051341148812,32.176943156829594,7.785212878396061,1.8207547169811318
294,0.0,2.0,0.075,4.0,44.8616,15.658062633672149,5.747999999999999,2.9241641540789054,31.514700806476256,10.189559000189261,1.4528301886792452
295,0.0,2.0,0.075,5.0,43.72,15.015128371079614,5.3152,2.818199595486452,28.011861625583645,8.894640891053136,1.3679245283018868
296,0.0,2.0,0.075,6.0,44.2336,14.674042082534726,5.4736,2.9244936382218367,20.642482731871578,6.701186981545671,1.6226415094339623
297,0.0,2.0,0.075,7.0,47.0432,15.489590496846585,5.9952000000000005,2.920379591765427,32.07719951000351,9.961000576985453,1.6320754716981132
298,0.0,2.0,0.075,8.0,45.7408,15.400332962634282,5.9248,2.917880216869774,32.30402898600837,10.172049407873798,1.7641509433962264
299,0.0,2.0,0.075,9.0,42.38,14.35216778051316,3.5568,0.8496903906718024,1443.3569079259642,604.6976152519402,1.5377358490566038
300,1.0,0.0,0.075,0.0,41.6112,13.458720390884118,4.9776,2.5555856941218,34.20173679397422,11.066120822801674,1.339622641509434
301,1.0,0.0,0.075,1.0,40.556,12.284265708620927,4.504,2.30499978308025,25.607010934040517,9.36128081715118,1.2735849056603774
302,1.0,0.0,0.075,2.0,41.9,12.299843901448504,4.8424,2.4307287466930565,27.12055800701096,8.924588460817,1.3584905660377358
303,1.0,0.0,0.075,3.0,40.53440000000001,12.71536458934623,4.3992,2.25881370635119,29.256495519899488,10.413039135048804,1.3773584905660377
304,1.0,0.0,0.075,4.0,43.184,13.31641032711143,4.9319999999999995,2.548226049627466,27.51340407938343,9.252597034110744,1.2547169811320755
305,1.0,0.0,0.075,5.0,46.2184,13.65094507497558,5.8256000000000006,2.7587215589834364,38.73281040138136,11.520665063034235,1.3113207547169812
306,1.0,0.0,0.075,6.0,44.123999999999995,13.882414199266641,5.2616000000000005,2.7435242736305434,30.172794751410127,9.422765738757988,1.339622641509434
307,1.0,0.0,0.075,7.0,44.43040000000001,14.209721877644194,5.332000000000001,2.591558604392345,36.904638341578185,11.969887671520949,1.4245283018867925
308,1.0,0.0,0.075,8.0,44.443999999999996,13.590590274156602,4.0896,2.224223873624236,6.694605492417332,2.0332714408273165,1.4339622641509433
309,1.0,0.0,0.075,9.0,41.456,12.542359586616865,4.6232,2.2950951527115384,33.23366819709265,10.28948737480444,1.3962264150943395
310,1.0,1.0,0.075,0.0,39.9728,12.427410838947912,4.7624,2.2988053941123416,27.26091004014993,8.778916181332706,1.858490566037736
311,1.0,1.0,0.075,1.0,42.1432,12.899245472507298,4.796,2.2678589021365507,30.88568841914693,9.156943286519633,1.7452830188679245
312,1.0,1.0,0.075,2.0,38.86159999999999,11.399405486252347,4.2048000000000005,2.1119793938388702,21.169701395232355,7.761979946147901,1.6415094339622642
313,1.0,1.0,0.075,3.0,37.3656,11.743645798473315,4.2024,2.0855680856783363,27.079860784553553,9.345180633208443,1.5566037735849056
314,1.0,1.0,0.075,4.0,40.716800000000006,11.718858210593725,4.6408000000000005,2.1552761679190904,32.148814777736874,9.693067510153377,1.650943396226415
315,1.0,1.0,0.075,5.0,42.656000000000006,12.771232673473616,4.856,2.306665125240333,37.13925184675449,11.929212643192251,1.8113207547169807
316,1.0,1.0,0.075,6.0,45.1304,13.605556065078707,5.3928,2.4705845785967337,33.376059488222644,10.440566255859004,1.6132075471698113
317,1.0,1.0,0.075,7.0,39.732,11.363112953764036,4.2952,2.0128529404802524,27.41771578179597,9.595337748619754,1.5
318,1.0,1.0,0.075,8.0,37.3584,11.418267357178145,4.0248,1.9741998277783328,26.480956813780445,9.029966822608909,1.4716981132075468
319,1.0,1.0,0.075,9.0,36.8888,11.077615021294068,3.8912,1.8353862154870841,20.74716131420202,7.351723861462458,1.5283018867924532
320,1.0,2.0,0.075,0.0,41.308,12.496528157852484,4.8504,2.2684311406785094,33.02656270221519,10.813365098996078,1.6320754716981132
321,1.0,2.0,0.075,1.0,40.2896,11.629093336971714,4.7576,2.2115248675970163,28.53158268139557,8.85339586751542,1.5
322,1.0,2.0,0.075,2.0,40.67360000000001,12.271411615621084,4.7256,2.188128113251141,26.829326111226678,9.822045006991953,1.481132075471698
323,1.0,2.0,0.075,3.0,42.6088,13.19833029439709,4.928,2.3534689290492024,33.941369915080074,11.165431257625427,1.5566037735849056
324,1.0,2.0,0.075,4.0,43.3344,12.626974959981506,4.9384,2.2728056318128043,32.569126497286746,10.38529617465865,1.4528301886792452
325,1.0,2.0,0.075,5.0,38.97039999999999,11.4919625756439,4.3152,2.0057140773300666,30.386096537084256,9.734836195708807,1.5566037735849056
326,1.0,2.0,0.075,6.0,39.116,11.375685649665256,4.356799999999999,2.0891466583272704,26.186684550270066,9.123418210946651,1.4339622641509433
327,1.0,2.0,0.075,7.0,38.431999999999995,12.112972219897149,4.0368,2.0970659884705585,24.23325868063706,8.686623791272062,1.509433962264151
328,1.0,2.0,0.075,8.0,43.3248,13.199482753502126,5.041600000000002,2.381568693109649,36.45759261540915,10.583026240012613,1.7547169811320755
329,1.0,2.0,0.075,9.0,36.445600000000006,10.907670724769792,3.8032,1.8987969243707972,24.167673193378814,8.554649508599779,1.5471698113207548
330,2.0,0.0,0.075,0.0,42.32320000000001,15.375300379504786,5.1792,2.9101009192122533,23.53401671840585,8.35108993171297,2.160377358490566
331,2.0,0.0,0.075,1.0,50.5112,17.836321217112012,6.951200000000001,3.6766096556474417,25.59993919923686,7.5404763418630765,2.5943396226415096
332,2.0,0.0,0.075,2.0,44.708,16.26670759557692,4.124,1.0250385358609695,1053.0535751143036,434.4425511842085,2.207547169811321
333,2.0,0.0,0.075,3.0,46.58320000000001,16.219885257300678,6.1976,3.3064534232316047,27.74227929747392,8.231675856025806,2.292452830188679
334,2.0,0.0,0.075,4.0,47.1904,16.717805712473155,6.4008,3.5060404104915848,22.855687267070408,7.452444690787503,2.3301886792452833
335,2.0,0.0,0.075,5.0,47.1872,15.79492058099692,6.1672,3.23788266618789,27.876627375485484,8.461794632981176,2.452830188679245
336,2.0,0.0,0.075,6.0,44.988,15.805447668446472,5.8344,3.1762016056919307,23.26896887211303,7.2795522993671264,2.292452830188679
337,2.0,0.0,0.075,7.0,46.0696,16.20724146300042,6.1752,3.4047767856351463,23.21783216166874,7.4266539317215505,2.462264150943396
338,2.0,0.0,0.075,8.0,47.2128,16.917876821870998,6.504,3.5292696128235934,20.48824520436065,5.743170818776297,2.462264150943396
339,2.0,0.0,0.075,9.0,48.64,16.962311163281967,6.672000000000001,3.5290247944722632,25.89209175737516,7.5340782609812615,2.462264150943396
340,2.0,1.0,0.075,0.0,61.21040000000001,21.216771946740625,8.9296,4.555489418273298,30.46455522671524,8.035808352434378,2.5660377358490565
341,2.0,1.0,0.075,1.0,56.0392,19.36553390330357,8.16,4.290156174313472,22.119013063644587,5.8201918424324655,2.1320754716981134
342,2.0,1.0,0.075,2.0,58.7896,19.96514692758358,8.741599999999998,4.2340275672224905,27.241282335957564,7.357942532026621,2.5
343,2.0,1.0,0.075,3.0,54.3856,18.83526354049765,8.0088,4.141005018108526,23.514275007922066,5.956049530880529,2.0943396226415096
344,2.0,1.0,0.075,4.0,74.87039999999998,27.7734809456791,12.2752,6.114437419746808,29.188674344820786,7.179443235164577,2.3773584905660377
345,2.0,1.0,0.075,5.0,63.2576,22.403047164169436,9.68,4.956095237180174,26.660503917587288,6.798539902325287,2.0943396226415096
346,2.0,1.0,0.075,6.0,66.08160000000001,24.463086915595923,10.4448,5.363184964179402,27.72972773263083,7.040956824882112,2.4245283018867925
347,2.0,1.0,0.075,7.0,55.4232,19.615217096937773,7.589600000000001,3.9610973025160585,29.417774196623945,7.848226225295979,2.179245283018868
348,2.0,1.0,0.075,8.0,74.6296,27.428392658703128,5.953600000000002,1.1685576750849742,728.4039926590573,229.3978159552503,2.462264150943396
349,2.0,1.0,0.075,9.0,58.0664,19.831076396403702,8.5464,4.366619635370133,24.982949685646616,6.7663965405123765,2.509433962264151
350,2.0,2.0,0.075,0.0,63.58560000000001,22.96216959784071,9.7912,4.966552381682892,28.52819744786705,7.685221689432902,2.650943396226415
351,2.0,2.0,0.075,1.0,56.844800000000006,21.0516372987946,8.3608,4.600441648363773,25.441830576775022,7.504841928351421,2.2169811320754715
352,2.0,2.0,0.075,2.0,57.784,21.621908888902478,8.5888,4.599081925776057,29.45811721230705,8.191949844307864,2.30188679245283
353,2.0,2.0,0.075,3.0,57.2184,20.93835097231872,8.651200000000001,4.612498082384425,25.407516909871173,7.452145274897496,2.0660377358490565
354,2.0,2.0,0.075,4.0,55.1976,20.47733953031985,8.14,4.338156290407252,27.34613848878777,7.371850123562279,2.4811320754716983
355,2.0,2.0,0.075,5.0,63.6896,23.554165063529634,9.7768,4.9452302029329225,29.957676648697657,8.298729716449971,2.179245283018868
356,2.0,2.0,0.075,6.0,63.788000000000004,22.4751599771837,9.5488,4.639510594879592,31.451834517999774,8.004254568061162,2.452830188679245
357,2.0,2.0,0.075,7.0,57.50080000000001,22.43929587487094,8.795200000000001,5.012270639141506,19.52040009359493,5.5480659839834425,2.4150943396226414
358,2.0,2.0,0.075,8.0,69.4304,26.355800041736547,10.652000000000001,5.430110127796673,33.72926053739015,8.911231538777344,2.4245283018867925
359,2.0,2.0,0.075,9.0,60.5136,22.074373717956306,9.1864,4.911046226620148,26.42510614292755,7.431020653035935,2.141509433962264
360,0.0,0.0,0.1,0.0,61.3776,19.335260490616623,9.063199999999998,4.099327476550268,36.032450228598435,8.723524241297751,1.0566037735849056
361,0.0,0.0,0.1,1.0,56.250400000000006,18.117081990210234,7.441599999999998,3.672060653093845,32.84125848347309,9.475116531368844,0.9245283018867924
362,0.0,0.0,0.1,2.0,61.172,18.900794057393465,9.152000000000001,4.0321031732831445,32.04773413984325,8.55392371032902,1.0943396226415094
363,0.0,0.0,0.1,3.0,59.393600000000006,19.34694495366129,8.5296,3.9441911515543966,41.35764110354644,10.731169502765939,1.0377358490566038
364,0.0,0.0,0.1,4.0,60.50320000000001,19.358943921608947,8.8792,3.8548005603403137,34.794976771529825,9.472279980034127,1.0849056603773586
365,0.0,0.0,0.1,5.0,56.736000000000004,17.887230752690588,7.9624,3.7168193714518867,29.965467262609977,8.320707651049927,1.0
366,0.0,0.0,0.1,6.0,61.668,19.159766595655594,8.7192,4.003162669690053,36.0147702865099,8.889128476701902,1.0471698113207548
367,0.0,0.0,0.1,7.0,57.1424,18.690546333373998,7.9296000000000015,3.728785839921623,37.28509555077246,10.124655574564533,0.9245283018867924
368,0.0,0.0,0.1,8.0,60.3744,19.32829595799899,8.6536,3.923978470888952,33.26869562332881,8.692656095078608,1.0754716981132075
369,0.0,0.0,0.1,9.0,53.6608,16.777780048623836,6.996,3.372,31.15012663990407,8.605337806618786,0.981132075471698
370,0.0,1.0,0.1,0.0,55.61360000000001,17.031537072149415,7.6312,3.5165645963070267,28.914587086286588,8.421599948578544,0.8301886792452831
371,0.0,1.0,0.1,1.0,68.54480000000001,21.063120209503623,10.2368,4.28376537172614,44.17385587118483,10.600260395821069,0.8679245283018868
372,0.0,1.0,0.1,2.0,59.2952,18.40732183018486,8.5008,3.7166112737277217,34.85880859382871,9.290433143772024,0.8679245283018868
373,0.0,1.0,0.1,3.0,62.1104,18.421004637098374,8.6816,3.5609073899780097,42.67510778816478,10.037968375276977,0.8301886792452831
374,0.0,1.0,0.1,4.0,62.3952,18.504493966601736,8.802400000000002,3.878700070900043,35.6568005690724,9.549835441383301,0.8490566037735849
375,0.0,1.0,0.1,5.0,61.6056,17.552266196705197,8.88,3.661038104144779,35.06515974257429,8.701813905969164,1.018867924528302
376,0.0,1.0,0.1,6.0,60.8744,17.48484328325536,8.818400000000002,3.6663853370861057,38.82341092863618,9.509055597025538,0.9622641509433962
377,0.0,1.0,0.1,7.0,56.61680000000001,17.293167372115494,7.86,3.6653731051558722,30.996582294292043,8.13765008154917,0.9150943396226416
378,0.0,1.0,0.1,8.0,66.60879999999999,20.007384700654907,10.0872,4.274753344931144,33.65443495410769,7.895369682439416,0.9716981132075472
379,0.0,1.0,0.1,9.0,63.1768,19.547274535341238,9.148,3.9462812874907938,40.886010460713116,10.476976923017153,0.8490566037735849
380,0.0,2.0,0.1,0.0,40.9872,13.439386747913758,4.9872000000000005,2.580758834141617,26.277249144567968,7.752532929935075,1.6320754716981132
381,0.0,2.0,0.1,1.0,44.0024,14.411245409054693,5.2936000000000005,2.6733123723201517,29.44250831944936,9.664380955805472,1.6415094339622642
382,0.0,2.0,0.1,2.0,46.3592,15.699327863319498,5.9656,3.0279657593836826,33.119374103737414,9.862963577386921,1.6886792452830188
383,0.0,2.0,0.1,3.0,43.0512,13.521689929886724,5.2576,2.5576008758209325,25.92975351267776,7.354457311279348,1.69811320754717
384,0.0,2.0,0.1,4.0,45.876000000000005,15.02824487423598,6.0072,2.9675761422413416,26.313158667241183,7.34765539871221,1.660377358490566
385,0.0,2.0,0.1,5.0,44.5624,14.413261471297885,5.572799999999999,2.7019215680696584,35.699811883863184,12.265182540534491,1.6037735849056605
386,0.0,2.0,0.1,6.0,45.1064,14.215879819413221,5.7344,2.8366488397403016,23.04388433846148,7.042350957038994,1.5943396226415094
387,0.0,2.0,0.1,7.0,44.6368,14.12068857244575,5.4376000000000015,2.5514909837191277,31.6378935213058,10.000120148023623,1.5943396226415094
388,0.0,2.0,0.1,8.0,41.6024,13.770954732334285,4.8456,2.4895302046771794,21.693769713599252,7.232334665932841,1.4528301886792452
389,0.0,2.0,0.1,9.0,48.98880000000001,15.719741555127426,6.564,3.2498836902264667,28.89257861124452,8.281537158158146,1.660377358490566
390,1.0,0.0,0.1,0.0,43.4312,13.287376963118039,4.798400000000001,2.399599433238806,33.99107686830942,11.445296173398097,1.2924528301886793
391,1.0,0.0,0.1,1.0,40.7088,12.583316039899815,4.4856,2.2761793953904426,22.92175940540853,7.8647218370621506,1.30188679245283
392,1.0,0.0,0.1,2.0,42.4176,13.206956130766844,4.8576000000000015,2.523276092701708,27.62060877662407,8.951099704246992,1.320754716981132
393,1.0,0.0,0.1,3.0,41.3168,12.944835177011717,4.763199999999999,2.4110258729428846,28.176409260657447,8.924508829401443,1.349056603773585
394,1.0,0.0,0.1,4.0,40.1888,12.086522848197491,4.460799999999999,2.186536841674524,30.01506893625713,10.64215248449852,1.2075471698113207
395,1.0,0.0,0.1,5.0,43.4664,13.173849514853279,4.936,2.491406028731568,31.08770136119768,10.331522422255109,1.3867924528301887
396,1.0,0.0,0.1,6.0,42.348,12.538364167625694,4.8096000000000005,2.3878835482493703,27.383919652208977,8.856324731623326,1.179245283018868
397,1.0,0.0,0.1,7.0,42.0824,12.334994537493724,4.816799999999999,2.385732122431184,23.53827482813345,7.366340524375786,1.4528301886792452
398,1.0,0.0,0.1,8.0,42.1096,12.998682542473292,4.9008,2.542644167004105,29.905519724414763,9.26847974764174,1.1886792452830188
399,1.0,0.0,0.1,9.0,40.5368,12.936856100305052,4.4912,2.4668689790907017,22.434403524239507,7.5284785799507965,1.3962264150943395
400,1.0,1.0,0.1,0.0,35.90560000000001,11.156044488975473,3.7632,1.902063553091747,28.07733356567375,10.310915224536007,1.518867924528302
401,1.0,1.0,0.1,1.0,37.50560000000001,10.861368635673866,4.148,2.0308067362503994,26.827509282188753,9.473181910173368,1.5943396226415094
402,1.0,1.0,0.1,2.0,38.952,11.355742864295582,4.2448000000000015,2.0683309599771498,34.63140735305972,11.950644867977982,1.6698113207547167
403,1.0,1.0,0.1,3.0,40.296,12.234628886893134,4.509600000000002,2.205517590045475,22.97558329488357,8.51496406787316,1.5849056603773586
404,1.0,1.0,0.1,4.0,38.2312,11.851811108855893,4.0632,2.1247507524413303,28.270407063485877,10.44699936120166,1.5471698113207548
405,1.0,1.0,0.1,5.0,38.316,11.924273730504513,4.14,2.1124582836117733,22.81220382415441,7.902544471781957,1.5566037735849056
406,1.0,1.0,0.1,6.0,43.1432,13.285895293882156,5.0696,2.3621930149757024,36.35390062091568,10.974405809090063,1.6226415094339623
407,1.0,1.0,0.1,7.0,38.5552,11.995648917836835,4.0184,1.973864595153376,33.284444010656706,13.090495417962858,1.7641509433962264
408,1.0,1.0,0.1,8.0,39.4048,11.625818550106485,4.409599999999998,2.0227278215321007,29.99197421125641,9.809664941043827,1.7735849056603774
409,1.0,1.0,0.1,9.0,42.5752,13.148123248585708,5.259200000000001,2.4986427035492693,27.650682423639356,7.877300000497992,1.8679245283018868
410,1.0,2.0,0.1,0.0,44.512,13.269933534121414,5.4032,2.5833292008569098,31.849560601999375,9.71199392891327,1.5471698113207548
411,1.0,2.0,0.1,1.0,40.5288,12.143905902138734,4.6216,2.239717267871104,29.588321135140546,9.41176183973282,1.509433962264151
412,1.0,2.0,0.1,2.0,44.4576,13.311344118457761,5.5296,2.612555040568524,29.785399474134284,9.858979469152386,1.6037735849056605
413,1.0,2.0,0.1,3.0,46.7208,14.125097074356693,5.5863999999999985,2.5336090937632822,39.82820291396728,13.047142775434446,1.5849056603773586
414,1.0,2.0,0.1,4.0,43.968,13.849624399239135,5.1576,2.502918744186475,30.495990222021646,10.360333621157856,1.5943396226415094
415,1.0,2.0,0.1,5.0,42.244,12.5614196649901,4.7936,2.231904800837168,30.13217026648296,9.466638155838103,1.4622641509433962
416,1.0,2.0,0.1,6.0,37.9304,10.959494324100909,3.992,1.8876270818146257,28.52809924626466,9.878336090857184,1.481132075471698
417,1.0,2.0,0.1,7.0,38.8416,11.50565206496355,4.256,2.0595300434807937,22.08046426865009,7.561361810302461,1.4528301886792452
418,1.0,2.0,0.1,8.0,41.54,11.830377846882152,4.716800000000001,2.2615653340109367,25.923568459592552,8.437131437531596,1.69811320754717
419,1.0,2.0,0.1,9.0,42.692,13.10556584051219,4.891199999999999,2.3390259853195308,30.516615989323267,9.88359537515905,1.6320754716981132
420,2.0,0.0,0.1,0.0,50.5784,18.29073682058763,6.966399999999998,3.7274536938773632,25.19869725467908,7.67869836529495,2.3301886792452833
421,2.0,0.0,0.1,1.0,47.9808,16.97116470251821,6.4304,3.4679844059626337,25.569087764558635,7.908328372640352,2.7641509433962264
422,2.0,0.0,0.1,2.0,46.9024,15.913568871877859,6.2104,3.3103552437767165,21.40947463985266,6.664865583228838,2.452830188679245
423,2.0,0.0,0.1,3.0,43.356,15.183722336765776,5.504,3.1120514134570465,19.429531276961868,5.589491902685014,2.160377358490566
424,2.0,0.0,0.1,4.0,48.4952,17.153445629377206,6.4312,3.3405847631814405,30.08839387910729,8.776665539479659,2.60377358490566
425,2.0,0.0,0.1,5.0,43.25680000000001,15.11410909580846,5.5288,3.008875298180368,26.12351965446961,7.669510564159122,2.30188679245283
426,2.0,0.0,0.1,6.0,43.9632,15.965710938132384,5.6784,3.174991880304578,25.7876819230907,7.577895325136943,2.339622641509434
427,2.0,0.0,0.1,7.0,43.8584,15.124971055840073,5.664,3.1712306759363944,21.18815826191533,6.543155819074066,2.2452830188679247
428,2.0,0.0,0.1,8.0,49.4024,16.53692577960003,6.7232,3.400309068305409,26.104189783997175,7.637562657098148,2.641509433962264
429,2.0,0.0,0.1,9.0,46.6936,16.020328306248903,6.498399999999998,3.3084735815780664,24.457606645642077,7.344677211499665,2.462264150943396
430,2.0,1.0,0.1,0.0,56.1336,19.5270702113758,8.196,4.202987508903637,27.13267908472385,7.558816940792598,2.349056603773585
431,2.0,1.0,0.1,1.0,56.1968,20.18662502153344,8.2552,4.313178985388851,29.443787697308075,7.825325227432613,2.679245283018868
432,2.0,1.0,0.1,2.0,62.4912,21.745414288074628,9.809599999999998,4.6361608945333215,30.885291060713328,9.287620569429967,2.4339622641509435
433,2.0,1.0,0.1,3.0,65.8096,22.92147787207448,10.2744,5.111937464406232,25.730732390335703,6.947405274017233,2.311320754716981
434,2.0,1.0,0.1,4.0,56.30160000000001,20.280459497753004,8.3832,4.492255308862131,23.67449662531775,6.703592540494535,1.990566037735849
435,2.0,1.0,0.1,5.0,67.2408,24.128643877350427,10.6432,5.0568976418353575,31.791084859419176,7.941240030562155,2.60377358490566
436,2.0,1.0,0.1,6.0,74.12960000000002,26.017480351486768,11.9856,5.629361654752696,34.14335092952367,8.689590004049276,2.547169811320755
437,2.0,1.0,0.1,7.0,64.8408,23.489301721422034,10.1672,5.067737578051966,27.35999848525707,7.154330098733134,2.2358490566037736
438,2.0,1.0,0.1,8.0,62.9024,21.755479177439412,9.2768,4.455668497543326,36.52891070473381,9.797350858540868,2.2547169811320757
439,2.0,1.0,0.1,9.0,64.7624,23.053906095063372,10.096,4.855057569174644,29.567118804625853,7.353744524174582,2.4150943396226414
440,2.0,2.0,0.1,0.0,60.8376,22.668576184665856,9.1296,4.9188132552476524,26.357831401879373,7.220027142721148,2.292452830188679
441,2.0,2.0,0.1,1.0,59.8792,21.448915295650735,8.6648,4.436228235787693,31.19387833686886,8.130271374741804,2.707547169811321
442,2.0,2.0,0.1,2.0,69.0552,25.661476047959518,10.8656,5.5389111420928225,30.57000085403359,7.9254444754125775,2.2735849056603774
443,2.0,2.0,0.1,3.0,62.10720000000001,24.07607999986709,9.6128,5.080802708234201,28.813242286559607,7.043904571424469,2.5
444,2.0,2.0,0.1,4.0,55.6112,19.740886367131548,8.412,4.451015165105597,21.842217987126087,5.5730707716408565,2.0754716981132075
445,2.0,2.0,0.1,5.0,60.036,22.406637945037627,8.993599999999997,4.760230985992171,27.768508387537103,7.181715302561621,2.30188679245283
446,2.0,2.0,0.1,6.0,58.2064,20.729232475902236,8.406399999999998,4.383747145992798,31.90349528809105,8.20056784464926,2.5754716981132075
447,2.0,2.0,0.1,7.0,66.2488,24.621915818229905,10.544,5.41799077149454,27.77778843711175,7.0273246103251426,2.8396226415094334
448,2.0,2.0,0.1,8.0,66.5864,25.12547024515163,9.9872,5.146415855719397,34.25507866351893,9.254482755107244,2.5943396226415096
449,2.0,2.0,0.1,9.0,57.4704,20.947343598652317,8.3472,4.359056338245699,32.576115139171115,8.696676057277454,2.160377358490566
